,experiment,dish,scan,component,src,t0_ms,f0_MHz,toa_loc,terr_ms,ferr_MHz,gauss2d_twidth_ms,gauss2d_fwidth_MHz,begin_acf_range,end_acf_range,twidth_sigma_ms,fwidth_sigma_MHz,twidtherr_ms,fwidtherr_MHz,off_range_t0,off_range_t1,fluence_jyms,peak_snr,peak_flux_jy,fluence_tot_jyms,scint_bw_MHz,scint_bw_err_MHz,energy_iso_erg_per_hz,spectral_lum_erg_per_s_per_hz,id,sefd_jy,distance_Mpc,dm,toa_mjd_utc,ref_freq_MHz,toa_bary_tdb_inf_freq
0,p47018,wb,no0017,0,sfxc,1060.0101561583026,1271.0,wb,0,0,1.1699050264783188,0,1056.768,1061.632,-1.435002816375676,75.44238634357629,0.0212990426253536,1.4269253219283011,4691,7772,17.452754208722766,5.474901227818816,8.999854867899138,0,0.8020224287215282,0.2467393788188697,7.925507919280574e+30,1.6294218584047234e+33,B07-wb,0,0,0,60369.29523706191,1334.75,60369.29073074932
0,p47019,wb,no0018,0,sfxc,1043.9131866971902,1271.0,wb,0,0,2.239110081266585,0,1037.312,1048.576,-2.8778892722079235,47.13579734124591,0.058748170897625,0.9730018381162778,4804,6504,16.208717225709773,5.096781594421339,4.189143578526823,0,-2.238500067112177e-08,347.41141175306825,7.360575597262334e+30,6.53460191518318e+32,B10-wb,0,0,0,60370.2667902702,1334.75,60370.26230599136
0,p47020,wb,no0016,0,sfxc,1071.2173805619148,1271.0,wb,0,0,0.6888360323849573,0,1069.056,1073.152,1.184942996709016,53.922774252940044,0.0318555442391875,1.4996427288451524,4832,8072,11.49276004531626,6.469429903250956,5.317349828291022,0,0.2981657972669844,0.1505748981400175,5.219002093550441e+30,1.2741704329957132e+33,B17-wb,0,0,0,60373.25807439553,1334.75,60373.2536674352
0,p47021,wb,no007,0,sfxc,1059.3086561756231,1271.0,wb,0,0,1.9159463609922005,0,1054.72,1061.888,-2.181751303587029,54.12502121700686,0.0514369818130914,1.317567305423478,5688,8116,17.393312026106795,6.380380329226548,5.24415825743713,0,0.1740417921736514,0.1341577259758319,7.898514501311808e+30,1.1019132953839018e+33,B27-wb,0,0,0,60375.38481859303,1334.75,60375.380475244325
0,p47021,wb,no0011,0,sfxc,1033.7201653481925,1271.0,wb,0,0,1.3619342331256503,0,1027.072,1040.384,2.151341756739313,55.42709875481164,0.0464660272679978,1.248689465552539,4544,7504,16.14838155008229,6.752503728827125,5.5500136920829055,0,0.5999074108711118,0.1360970638594698,7.333176433251776e+30,5.508696238921106e+32,B31-wb,0,0,0,60375.43112694645,1334.75,60375.426785062926
0,p47022,wb,no0018,0,sfxc,1001.8172217273672,1271.0,wb,0,0,1.5811695715200773,0,995.328,1008.64,2.258048912404822,59.089274909248005,0.0455084107577031,1.2724658283000998,4456,8028,19.61673126480173,6.42146541325238,5.277926884311085,0,0.3280322653351412,0.1103976596221784,8.908196215350403e+30,6.691854128117791e+32,B46-wb,0,0,0,60378.51355569873,1334.75,60378.50931855167
0,p47022,wb,no0022,0,sfxc,1050.6852505972945,1271.0,wb,0,0,2.5757080806741017,0,1044.48,1055.744,3.717749624175536,50.34497063052447,0.0586341355842915,0.8072054494555893,4584,7824,25.16186689605152,5.040256940132383,4.142684869603096,0,0.3814724706826011,0.1197700004114427,1.1426309736767563e+31,1.0144096002101888e+33,B47-wb,0,0,0,60378.55686435109,1334.75,60378.55262875134
0,p47023,wb,no0021,0,sfxc,1021.0555022423684,1271.0,wb,0,0,3.358849917614283,0,1016.832,1022.976,-1.933423989548223,57.085993410509374,0.0526723252527437,1.634401509330958,184,3248,12.098659141512186,5.368950565034231,4.412844530665954,0,0.2653951269315579,0.1084466792247597,5.494148241130159e+30,8.942298569547784e+32,B52-wb,0,0,0,60379.27019237301,1334.75,60379.26598314168
0,p47069,wb,no007,0,sfxc,1009.0511535816856,1271.0,wb,0,0,13.560129231767643,0,989.184,1027.072,17.278843376949613,47.07359010967737,0.2362357557171604,0.6066897633049413,316,2552,25.146440070788017,4.682244834402135,3.8484277808951366,0,0.2774229466217113,0.1483717052468726,1.1419304227818489e+31,3.0139633202645928e+32,B129-wb,0,0,0,60436.09571013079,1334.75,60436.09551180714
0,p47091,wb,no0018,0,sfxc,1077.8405326451618,1271.0,wb,0,0,10.15282553390927,0,1062.912,1089.536,-10.318326492670693,-39.91926230443829,0.0500289250190827,0.1901147414560672,4728,8040,77.12471766041124,9.259225665446149,5.381320926117939,0,0.4695902044097459,0.1063863038309135,3.50232721597814e+31,1.3154774699437124e+33,B132-wb,0,0,0,60471.113486318696,1334.75,60471.11648568393
0,p55020,wb,no0037,0,sfxc,1056.0506201480985,1271.0,wb,0,0,5.855330373612075,0,1046.016,1064.96,6.668833318168778,-47.553206011520615,0.0265568150356221,0.1906164509436256,4776,7842,67.79866776209134,6.069216326161044,7.054672172639687,0,0.5386754636645298,0.104688387913195,3.078819949212195e+31,1.62522167927164e+33,B133-wb,0,0,0,60506.1007383813,1334.75,60506.106182591066
0,p55182,wb,no0032,0,sfxc,1029.886493569199,1271.0,wb,0,0,1.7670100865123008,0,1024.0,1034.24,-3.03895239413008,54.54749219933181,0.0688724586290459,1.2820125060822345,4520,7760,17.232027002255705,6.358856580311545,3.695670590415884,0,1.583500101131384,0.3615527882889607,7.825273010684828e+30,7.641868174496903e+32,B150-wb,0,0,0,60682.49802062725,1334.75,60682.49458644465
0,p55192,wb,no0044,0,sfxc,1056.074338816593,1271.0,wb,0,0,1.0358005562596633,0,1053.44,1057.536,1.622801477456893,50.04798304324663,0.0041547923890692,0.1274675804358384,302,2802,25.158969911786507,7.672252281952733,12.611945709017212,0,0.4981442505812827,0.1025648348291189,1.1424994180984232e+31,2.789305219966854e+33,B159-wb,0,0,0,60693.57456482895,1334.75,60693.57055100274
0,p55195,wb,no0044,0,sfxc,1029.181398443288,1271.0,wb,0,0,1.0753038404459754,0,1021.952,1033.216,-2.743193213077461,56.5285334114053,0.0809510151253051,1.751986413461933,4556,7912,13.7723744727317,4.646351303219118,3.818926191925626,0,0.2329599289330134,0.1536220220789357,6.25420272614501e+30,5.5523816815918055e+32,B161-wb,0,0,0,60696.574916477286,1334.75,60696.57077607865
0,p55289,wb,no0090,0,sfxc,1010.0924298382732,1271.0,wb,0,0,0.2858602410479656,0,1008.64,1011.456,-0.5410873264046818,-41.07068145191143,0.0029355819619775,0.2238969149101196,2627,3703,17.65095338829087,15.116356924075156,24.84885348374377,0,0.6333762127072283,0.1302712701944101,8.015512576910878e+30,2.846417818505284e+33,B170-wb,0,0,0,60805.35929811844,1334.75,60805.35948567218
0,p55290,wb,no0087,0,sfxc,1031.0884579987244,1271.0,wb,0,0,0.8297738907366732,0,1028.864,1033.472,1.0158948452439982,49.69286082366018,0.0057532546607511,0.2863862411089761,4546,7902,23.23551004691945,9.814961128761595,16.13421357157845,0,0.1900006153664833,0.1301985163294149,1.0551527666237632e+31,2.2898280525689305e+33,B171-wb,0,0,0,60806.32775458942,1334.75,60806.32803204863
0,p55291,wb,no0041,0,sfxc,1015.8894480649328,1271.0,wb,0,0,1.056737581457281,0,1009.664,1019.904,-1.619721469707719,-30.163238863403546,0.0282850570760145,1.1066117606617984,280,2488,10.851386342478987,5.426503375904723,3.1538011090259634,0,0.3314120044899439,0.1483050603209992,4.927746495708208e+30,4.812252437215048e+32,B172-wb,0,0,0,60807.26702860342,1334.75,60807.26739339015
0,p55298,wb,no0073,0,sfxc,1062.7802012903228,1271.0,wb,0,0,2.188640775328855,0,1056.768,1069.056,-2.8173218919923664,51.95476006271528,0.0381320162348451,5.783972694241029,456,3536,27.84430502934863,9.00740389562081,5.23496594908457,0,0.5496926559573262,0.1404423813602447,1.264443751271487e+31,1.0290069590425513e+33,B175-wb,0,0,0,60814.15614807,1334.75,60814.15715505397
0,p55300,wb,no0066,0,sfxc,1069.5669429677423,1271.0,wb,0,0,1.6213470075566745,0,1060.864,1077.248,5.582354562991018,54.132356938472775,0.0652980578130536,0.6521956835263119,4536,7048,28.740981668779497,7.892169736984404,4.586808842622856,0,0.3877427185807416,0.1156554080925982,1.3051629278659263e+31,7.96608232340043e+32,B178-wb,0,0,0,60817.07128289574,1334.75,60817.07256126913
0,p55300-2,wb,no0066,0,sfxc,1057.576426688866,1271.0,wb,0,0,2.182133013250327,0,1050.624,1062.912,4.146829400900242,53.17167899347811,0.0599798310360636,0.7873103210348329,544,3392,21.067537208074167,8.030683862664636,4.667311142709096,0,0.2571854768578929,0.1412285478666015,9.567024836623152e+30,7.785664743345663e+32,B179-wb,0,0,0,60817.07128289285,1334.75,60817.07256126624
