,id,station,toa,toa_utc,peak_sn,fluence,fluence_err,width_ms,spectral-density,spec_den_err,spectral-luminosity,spec_lum_err,bandwidth,central frequency,2bit-wb-tag
0,B01-wb,wb,60341.53374506349,60341.53821285065,8.08,203.23,40.65,45.06,72.22,14.44,16.03,3.21,40.0,328.0,0.0
1,B02-wb,wb,60355.63952713359,60355.64416656103,5.26,16.66,3.33,14.34,5.92,1.18,4.13,0.83,128.0,1271.0,0.0
2,B03-st,st,60357.33913408901,60357.34378168892,8.6,20.15,4.03,3.71,7.16,1.43,19.28,3.86,98.0,1381.0,0.0
3,B04-st,st,60357.43387571437,60357.43852301088,6.0,25.1,5.02,9.61,8.92,1.78,9.28,1.86,53.0,1381.0,0.0
4,B05-st,st,60361.54288713104,60361.54750886334,5.21,35.49,7.1,7.86,12.61,2.52,16.04,3.21,98.0,1381.0,0.0
5,B06-st,st,60366.34159176624,60366.34614858078,5.26,16.72,3.34,3.5,5.94,1.19,17.0,3.4,98.0,1381.0,0.0
6,B07-wb,wb,60369.29073074932,60369.29523706191,5.47,17.45,3.49,4.86,6.2,1.24,12.75,2.55,128.0,1271.0,1.0
7,B08-st,st,60369.33149947803,60369.33599699041,4.72,12.74,2.55,3.06,4.53,0.91,14.8,2.96,98.0,1381.0,0.0
8,B09-wb,wb,60369.36627808147,60369.37076861749,4.43,7.34,1.47,22.53,2.61,0.52,1.16,0.23,77.0,1271.0,0.0
9,B10-wb,wb,60370.26230599136,60370.2667902702,5.1,16.21,3.24,11.26,5.76,1.15,5.11,1.02,128.0,1271.0,1.0
10,B11-wb,wb,60370.289589034684,60370.29405853692,4.85,8.67,1.73,11.26,3.08,0.62,2.74,0.55,128.0,1271.0,0.0
11,B12-wb,wb,60370.41651362999,60370.420980134455,6.97,15.48,3.1,7.17,5.5,1.1,7.67,1.53,128.0,1271.0,0.0
12,B13-wb,wb,60370.44755310253,60370.45201886998,12.83,42.4,8.48,5.63,15.07,3.01,26.76,5.35,93.0,1271.0,0.0
13,B14-wb,wb,60370.45328494201,60370.4577505732,6.2,11.13,2.23,3.33,3.95,0.79,11.88,2.38,128.0,1271.0,0.0
14,B15-st,st,60371.27544686698,60371.27989818374,3.8,11.29,2.26,11.36,4.01,0.8,3.53,0.71,98.0,1381.0,0.0
15,B16-st,st,60372.50696126541,60372.51138014962,7.65,14.52,2.9,6.12,5.16,1.03,8.44,1.69,66.0,1381.0,0.0
16,B17-wb,wb,60373.2536674352,60373.25807439553,6.47,11.49,2.3,4.1,4.08,0.82,9.97,1.99,128.0,1271.0,1.0
17,B18-wb,wb,60373.28409218289,60373.28848414828,6.34,15.4,3.08,7.17,5.47,1.09,7.63,1.53,128.0,1271.0,0.0
18,B19-wb,wb,60373.35248173169,60373.35687176086,7.78,22.15,4.43,7.68,7.87,1.57,10.25,2.05,128.0,1271.0,0.0
19,B20-st,st,60373.48328397677,60373.48767547448,5.26,20.95,4.19,9.61,7.44,1.49,7.75,1.55,98.0,1381.0,0.0
20,B21-st,st,60373.54125515216,60373.54564500847,9.61,50.08,10.02,14.85,17.8,3.56,11.98,2.4,98.0,1381.0,0.0
21,B22-st,st,60374.31382348055,60374.31819053136,6.27,28.42,5.68,10.49,10.1,2.02,9.63,1.93,98.0,1381.0,0.0
22,B23-st,st,60375.29369675239,60375.29803356415,7.58,29.34,5.87,10.05,10.43,2.09,10.38,2.08,98.0,1381.0,0.0
23,B24-st,st,60375.29944030687,60375.30377693309,4.35,17.27,3.45,4.81,6.14,1.23,12.77,2.55,60.0,1381.0,0.0
24,B25-wb,wb,60375.34762981275,60375.35196013167,6.21,21.19,4.24,12.29,7.53,1.51,6.13,1.23,128.0,1271.0,0.0
25,B26-wb,wb,60375.37855280177,60375.382882146354,4.78,26.11,5.22,16.38,9.28,1.86,5.66,1.13,128.0,1271.0,0.0
26,B27-wb,wb,60375.380475244325,60375.38481859303,6.38,17.39,3.48,7.17,6.18,1.24,8.63,1.73,128.0,1271.0,1.0
27,B28-wb,wb,60375.39656049642,60375.400889272925,8.26,31.05,6.21,19.46,11.04,2.21,5.67,1.13,95.0,1271.0,0.0
28,B29-wb,wb,60375.400515257206,60375.40484390889,8.84,32.37,6.47,11.26,11.5,2.3,10.21,2.04,74.0,1271.0,0.0
29,B30-st,st,60375.42495423344,60375.42928683707,7.24,37.03,7.41,8.74,13.16,2.63,15.06,3.01,73.0,1381.0,0.0
30,B30-wb,wb,60375.42496114142,60375.42928902096,5.74,42.07,8.41,12.29,14.95,2.99,12.17,2.43,73.0,1271.0,0.0
31,B31-wb,wb,60375.426785062926,60375.43112694645,6.75,16.15,3.23,13.31,5.74,1.15,4.31,0.86,128.0,1271.0,1.0
32,B31-st,st,60375.42679257588,60375.431125121104,6.34,11.94,2.39,3.5,4.24,0.85,12.15,2.43,98.0,1381.0,0.0
33,B32-wb,wb,60375.444172799565,60375.44850007164,4.54,10.33,2.07,12.29,3.67,0.73,2.99,0.6,128.0,1271.0,0.0
34,B33-wb,wb,60375.44794056287,60375.452267715744,5.24,17.17,3.43,15.36,6.1,1.22,3.97,0.79,25.0,1228.0,0.0
35,B34-st,st,60375.468320837215,60375.47265206732,6.8,21.13,4.23,6.99,7.51,1.5,10.74,2.15,61.0,1381.0,0.0
36,B35-st,st,60376.31749559733,60376.32179919394,7.28,42.42,8.48,11.36,15.07,3.01,13.27,2.65,98.0,1381.0,0.0
37,B36-st,st,60376.32735980113,60376.33166306482,5.66,36.76,7.35,11.36,13.06,2.61,11.5,2.3,98.0,1381.0,0.0
38,B37-st,st,60377.2490521708,60377.25332420013,5.45,35.93,7.19,10.49,12.77,2.55,12.18,2.44,98.0,1381.0,0.0
39,B38-st,st,60377.31082508917,60377.31509493116,12.63,117.6,23.52,19.22,41.79,8.36,21.75,4.35,98.0,1381.0,0.0
40,B39-st,st,60377.36899280064,60377.37326059496,4.04,25.97,5.19,11.36,9.23,1.85,8.13,1.63,98.0,1381.0,0.0
41,B40-st,st,60377.4329010056,60377.43716656739,6.23,20.77,4.15,7.43,7.38,1.48,9.94,1.99,98.0,1381.0,0.0
42,B41-st,st,60377.454566635,60377.45883144421,4.7,26.76,5.35,8.74,9.51,1.9,10.89,2.18,98.0,1381.0,0.0
43,B42-st,st,60377.6221538713,60377.62641291368,4.83,12.48,2.5,5.24,4.44,0.89,8.46,1.69,98.0,1381.0,0.0
44,B43-st,st,60378.212772955245,60378.2170109091,5.18,21.39,4.28,7.86,7.6,1.52,9.67,1.93,98.0,1381.0,0.0
45,B44-st,st,60378.309136349606,60378.313370741314,13.12,210.7,42.14,35.39,74.88,14.98,21.16,4.23,68.0,1381.0,0.0
46,B45-st,st,60378.45624624431,60378.46047526318,5.25,12.92,2.58,2.4,4.59,0.92,19.1,3.82,98.0,1381.0,0.0
47,B46-wb,wb,60378.50931855167,60378.51355569873,6.42,19.62,3.92,13.31,6.97,1.39,5.24,1.05,128.0,1271.0,1.0
48,B47-wb,wb,60378.55262875134,60378.55686435109,5.04,25.16,5.03,11.26,8.94,1.79,7.94,1.59,128.0,1271.0,1.0
49,B49-st,st,60379.25137502671,60379.25557460732,6.55,14.75,2.95,3.5,5.24,1.05,15.0,3.0,98.0,1381.0,0.0
50,B50-st,st,60379.25601717966,60379.26021658155,4.81,23.6,4.72,6.12,8.39,1.68,13.72,2.74,98.0,1381.0,0.0
51,B51-st,st,60379.26530900924,60379.26950805355,4.63,16.72,3.34,5.68,5.94,1.19,10.47,2.09,98.0,1381.0,0.0
52,B52-wb,wb,60379.26598314168,60379.27019237301,5.37,12.1,2.42,6.14,4.3,0.86,7.0,1.4,128.0,1271.0,1.0
53,B53-st,st,60379.34757485762,60379.35177074785,4.69,30.96,6.19,5.02,11.0,2.2,21.9,4.38,98.0,1381.0,0.0
54,B54-st,st,60379.396612525794,60379.40080654902,4.59,28.46,5.69,8.08,10.11,2.02,12.52,2.5,67.0,1381.0,0.0
55,B55-st,st,60379.53560265205,60379.53979144154,5.85,37.3,7.46,6.99,13.25,2.65,18.96,3.79,66.0,1381.0,0.0
56,B56-st,st,60380.223370109976,60380.22753235888,4.5,31.37,6.27,8.96,11.15,2.23,12.45,2.49,47.0,1381.0,0.0
57,B56-o8,o8,60380.22337312076,60380.22753164882,7.75,31.86,6.37,11.01,11.32,2.26,10.29,2.06,128.0,1424.0,0.0
58,B57-st,st,60380.27193814884,60380.276098455,16.35,87.03,17.41,6.34,30.93,6.19,48.83,9.77,73.0,1381.0,0.0
59,B57-o8,o8,60380.271941144536,60380.27609777975,18.3,44.21,8.84,6.4,15.71,3.14,24.55,4.91,128.0,1424.0,0.0
60,B58-st,st,60380.39282094978,60380.39697645418,5.39,20.79,4.16,5.68,7.39,1.48,13.01,2.6,98.0,1381.0,0.0
61,B58-tr,tr,60380.39283248393,60380.39697603373,6.93,11.43,2.29,11.26,4.06,0.81,3.61,0.72,128.0,1414.0,0.0
62,B59-st,st,60380.39572866998,60380.39988405965,8.0,53.35,10.67,7.43,18.96,3.79,25.53,5.11,98.0,1381.0,0.0
63,B60-st,st,60380.4277951469,60380.43194927406,202.16,668.94,133.79,5.68,237.73,47.55,418.64,83.73,73.0,1381.0,0.0
64,B60-tr,tr,60380.42780668305,60380.43194885303,196.32,406.08,81.22,5.5,144.31,28.86,262.25,52.45,128.0,1414.0,0.0
65,B61-st,st,60380.4406216867,60380.4447753102,7.72,18.01,3.6,2.62,6.4,1.28,24.41,4.88,98.0,1381.0,0.0
66,B61-tr,tr,60380.44063322275,60380.44477488623,11.23,23.85,4.77,3.84,8.48,1.7,22.08,4.42,128.0,1414.0,0.0
67,B62-st,st,60380.4479876291,60380.4521409637,64.97,144.71,28.94,4.15,51.43,10.29,123.93,24.79,98.0,1381.0,0.0
68,B63-o8,o8,60380.44799063407,60380.4521403785,179.5,194.56,38.91,3.58,69.14,13.83,192.97,38.59,128.0,1424.0,0.0
69,B64-tr,tr,60380.45895315967,60380.4630940993,5.67,15.19,3.04,10.24,5.4,1.08,5.27,1.05,128.0,1414.0,0.0
70,B65-o8,o8,60380.46630015496,60380.47044918007,4.67,7.09,1.42,4.1,2.52,0.5,6.15,1.23,90.0,1424.0,0.0
71,B65-tr,tr,60380.4663086921,60380.470449340966,5.03,6.21,1.24,4.61,2.21,0.44,4.79,0.96,128.0,1414.0,0.0
72,B66-st,st,60380.5228116008,60380.52696201324,6.18,25.49,5.1,9.61,9.06,1.81,9.43,1.89,73.0,1381.0,0.0
73,B67-o8,o8,60380.5228145924,60380.52696139409,6.8,24.11,4.82,13.31,8.57,1.71,6.44,1.29,128.0,1424.0,0.0
74,B66-tr,tr,60380.52282313823,60380.52696155035,9.05,28.53,5.71,11.26,10.14,2.03,9.0,1.8,128.0,1414.0,0.0
75,B68-o8,o8,60380.52519874757,60380.52934545536,5.35,4.08,0.82,2.05,1.45,0.29,7.08,1.42,82.0,1424.0,0.0
76,B68-tr,tr,60380.52520729577,60380.529345613424,8.61,5.78,1.16,2.82,2.06,0.41,7.3,1.46,128.0,1414.0,0.0
77,B70-o8,o8,60380.54601245165,60380.550158339305,5.9,9.16,1.83,4.1,3.25,0.65,7.95,1.59,128.0,1424.0,0.0
78,B71-o8,o8,60380.55077735976,60380.55492305957,6.58,17.37,3.47,11.26,6.17,1.23,5.48,1.1,128.0,1424.0,0.0
79,B72-o8,o8,60380.55913709116,60380.56328246132,4.73,5.25,1.05,5.12,1.87,0.37,3.64,0.73,92.0,1424.0,0.0
80,B73-st,st,60380.59207278564,60380.59622050784,15.81,42.19,8.44,5.02,15.0,3.0,29.85,5.97,98.0,1381.0,0.0
81,B73-o8,o8,60380.59207571755,60380.59621978784,20.33,27.9,5.58,4.86,9.91,1.98,20.39,4.08,128.0,1416.0,0.0
82,B74-st,st,60381.19084741789,60381.19497111216,6.89,27.55,5.51,9.61,9.79,1.96,10.19,2.04,58.0,1381.0,0.0
83,B74-o8,o8,60381.19085025751,60381.19497041647,5.51,17.85,3.57,14.85,6.34,1.27,4.27,0.85,128.0,1424.0,0.0
84,B75-st,st,60381.20262223164,60381.20674543671,9.19,27.39,5.48,4.59,9.73,1.95,21.22,4.24,63.0,1381.0,0.0
85,B75-o8,o8,60381.20262506598,60381.20674474938,11.92,19.32,3.86,6.4,6.87,1.37,10.73,2.15,128.0,1424.0,0.0
86,B76-st,st,60381.21503580792,60381.21915849735,5.96,30.41,6.08,11.36,10.81,2.16,9.52,1.9,98.0,1381.0,0.0
87,B76-o8,o8,60381.2150386255,60381.21915780733,5.3,19.47,3.89,11.26,6.92,1.38,6.15,1.23,128.0,1424.0,0.0
88,B77-o8,o8,60381.25065391274,60381.254771654254,6.13,17.47,3.49,10.24,6.21,1.24,6.07,1.21,128.0,1424.0,0.0
89,B78-o8,o8,60381.260684029294,60381.26480136484,6.49,11.82,2.36,7.17,4.2,0.84,5.86,1.17,128.0,1424.0,0.0
90,B79-o8,o8,60381.28255355452,60381.28667000439,5.06,8.18,1.64,7.17,2.91,0.58,4.06,0.81,128.0,1424.0,0.0
91,B80-st,st,60381.3002917243,60381.30441087996,10.71,132.58,26.52,31.68,47.12,9.42,14.88,2.98,98.0,1381.0,0.0
92,B80-o8,o8,60381.30029453168,60381.30441026254,14.75,88.84,17.77,27.65,31.57,6.31,11.42,2.28,128.0,1424.0,0.0
93,B82-o8,o8,60381.3318227678,60381.33593721974,5.2,8.32,1.66,5.63,2.96,0.59,5.25,1.05,128.0,1424.0,0.0
94,B83-o8,o8,60381.402355974526,60381.40646756002,6.61,8.53,1.71,4.61,3.03,0.61,6.58,1.32,128.0,1424.0,0.0
95,B84-o8,o8,60381.415437785705,60381.41954883874,4.53,10.1,2.02,7.17,3.59,0.72,5.01,1.0,128.0,1424.0,0.0
96,B85-o8,o8,60381.43620078843,60381.44031099585,4.4,11.65,2.33,7.17,4.14,0.83,5.77,1.15,128.0,1424.0,0.0
97,B85-tr,tr,60381.436209560045,60381.44031116357,4.22,5.91,1.18,11.26,2.1,0.42,1.86,0.37,128.0,1414.0,0.0
98,B86-o8,o8,60381.441541592656,60381.445651582464,4.88,9.65,1.93,6.14,3.43,0.69,5.58,1.12,128.0,1424.0,0.0
99,B87-st,st,60381.44561173269,60381.4497249278,4.52,30.1,6.02,6.99,10.7,2.14,15.31,3.06,73.0,1381.0,0.0
100,B87-o8,o8,60381.445614517455,60381.44972434128,7.35,22.92,4.58,8.7,8.15,1.63,9.36,1.87,128.0,1424.0,0.0
101,B87-tr,tr,60381.44562327887,60381.44972449661,12.91,32.88,6.58,10.75,11.68,2.34,10.87,2.17,128.0,1414.0,0.0
102,B88-st,st,60381.46786900572,60381.47198129639,4.87,16.37,3.27,6.34,5.82,1.16,9.18,1.84,64.0,1381.0,0.0
103,B88-o8,o8,60381.46787178535,60381.471980701695,6.98,14.65,2.93,6.66,5.21,1.04,7.82,1.56,128.0,1424.0,0.0
104,B89-o8,o8,60381.48350368261,60381.48761196116,5.6,4.67,0.93,5.12,1.66,0.33,3.24,0.65,128.0,1424.0,0.0
105,B90-o8,o8,60381.52446012916,60381.52856673495,8.61,13.24,2.65,3.33,4.7,0.94,14.14,2.83,128.0,1424.0,0.0
106,B90-tr,tr,60381.52446891384,60381.52856689514,8.45,10.05,2.01,4.1,3.57,0.71,8.72,1.74,128.0,1414.0,0.0
107,B91-o8,o8,60381.54144226194,60381.545548173424,4.2,5.07,1.01,2.56,1.8,0.36,7.04,1.41,128.0,1424.0,0.0
108,B92-o8,o8,60381.605917235305,60381.61002050684,4.77,9.18,1.84,6.66,3.26,0.65,4.9,0.98,128.0,1424.0,0.0
109,B93-o8,o8,60382.20949088887,60382.21356914982,5.9,15.01,3.0,13.31,5.33,1.07,4.01,0.8,128.0,1424.0,0.0
110,B94-o8,o8,60382.21102479729,60382.215102994,4.32,8.97,1.79,11.26,3.19,0.64,2.83,0.57,128.0,1424.0,0.0
111,B95-o8,o8,60382.22168098966,60382.22575873997,5.62,20.07,4.01,13.31,7.13,1.43,5.36,1.07,128.0,1424.0,0.0
112,B96-o8,o8,60382.30413624861,60382.30821053914,5.91,17.78,3.56,12.29,6.32,1.26,5.14,1.03,128.0,1424.0,0.0
113,B97-o8,o8,60382.33468033882,60382.3387533452,4.64,11.16,2.23,7.17,3.97,0.79,5.53,1.11,128.0,1424.0,0.0
114,B98-o8,o8,60382.36269356339,60382.36676539083,6.66,16.84,3.37,7.68,5.98,1.2,7.79,1.56,77.0,1424.0,0.0
115,B99-o8,o8,60382.383440518046,60382.38751147161,4.59,5.3,1.06,3.07,1.88,0.38,6.13,1.23,52.0,1424.0,0.0
116,B100-st,st,60382.455725201326,60382.4597962616,6.99,31.78,6.36,5.46,11.29,2.26,20.68,4.14,98.0,1381.0,0.0
117,B100-o8,o8,60382.45572784018,60382.45979574401,7.72,29.14,5.83,10.75,10.35,2.07,9.63,1.93,128.0,1424.0,0.0
118,B101-st,st,60382.58195858162,60382.586024355645,6.79,20.92,4.18,3.28,7.44,1.49,22.7,4.54,98.0,1381.0,0.0
119,B101-o8,o8,60382.58196108288,60382.58602364275,10.31,17.41,3.48,7.68,6.19,1.24,8.06,1.61,128.0,1424.0,0.0
120,B102-st,st,60383.26440822302,60383.26844450999,127.34,530.21,106.04,10.92,188.43,37.69,172.55,34.51,98.0,1381.0,0.0
121,B102-o8,o8,60383.2644105753,60383.268443842,95.11,251.61,50.32,12.42,89.42,17.88,72.03,14.41,128.0,1424.0,0.0
122,B103-st,st,60383.34973659815,60383.3537691141,5.42,22.84,4.57,9.61,8.12,1.62,8.45,1.69,57.0,1381.0,0.0
123,B103-o8,o8,60383.34973900872,60383.353768565226,6.12,11.85,2.37,10.24,4.21,0.84,4.11,0.82,128.0,1424.0,0.0
124,B104-st,st,60384.407195445725,60384.41118088184,24.19,81.12,16.22,4.15,28.83,5.77,69.47,13.89,52.0,1381.0,0.0
125,B104-o8,o8,60384.40719763635,60384.41118034149,19.55,55.3,11.06,3.97,19.65,3.93,49.54,9.91,128.0,1424.0,0.0
126,B105-wb,wb,60386.372891146726,60386.37678252559,37.09,1435.53,287.11,36.86,510.16,102.03,138.42,27.68,54.0,328.0,0.0
127,B106-o8,o8,60386.392961869606,60386.39685228792,5.41,7.96,1.59,7.17,2.83,0.57,3.95,0.79,72.0,1424.0,0.0
128,B107-st,st,60386.48185708617,60386.48574557214,7.28,37.06,7.41,10.49,13.17,2.63,12.56,2.51,98.0,1381.0,0.0
129,B107-o8,o8,60386.481858763946,60386.48574492104,11.22,50.6,10.12,7.42,17.98,3.6,24.23,4.85,128.0,1424.0,0.0
130,B108-o8,o8,60386.56373212888,60386.56761435168,4.61,14.24,2.85,10.24,5.06,1.01,4.94,0.99,128.0,1424.0,0.0
131,B109-st,st,60387.36332855321,60387.36717398565,6.37,11.55,2.31,5.24,4.1,0.82,7.83,1.57,98.0,1381.0,0.0
132,B110-tr,tr,60387.363329495165,60387.36717266336,12.65,9.63,1.93,4.1,3.42,0.68,8.36,1.67,256.0,1418.0,0.0
133,B110-wb,wb,60387.36333292633,60387.36717623575,5.88,10.14,2.03,2.56,3.61,0.72,14.09,2.82,128.0,1271.0,0.0
134,B112-wb,wb,60387.529495922936,60387.53333103482,5.73,23.71,4.74,4.86,8.43,1.69,17.32,3.46,128.0,1271.0,0.0
135,B113-st,st,60388.446783804015,60388.450574899005,5.91,18.82,3.76,6.99,6.69,1.34,9.57,1.91,57.0,1381.0,0.0
136,B114-st,st,60390.27282513938,60390.27652105175,18.26,54.03,10.81,5.02,19.2,3.84,38.22,7.64,98.0,1381.0,0.0
137,B115-st,st,60390.42207829367,60390.42576620423,7.9,12.49,2.5,1.97,4.44,0.89,22.58,4.52,98.0,1381.0,0.0
138,B116-st,st,60391.56544400212,60391.56906991559,7.03,14.54,2.91,3.28,5.17,1.03,15.77,3.15,98.0,1381.0,0.0
139,B117-st,st,60392.58928008254,60392.592848971,5.87,39.2,7.84,8.52,13.93,2.79,16.35,3.27,98.0,1381.0,0.0
140,B118-st,st,60393.55098238048,60393.55449641828,4.91,16.14,3.23,3.93,5.74,1.15,14.59,2.92,98.0,1381.0,0.0
141,B119-st,st,60394.34394680855,60394.34741466928,5.44,23.86,4.77,13.11,8.48,1.7,6.47,1.29,98.0,1381.0,0.0
142,B120-st,st,60394.58341998865,60394.5868739031,7.88,52.71,10.54,7.65,18.73,3.75,24.51,4.9,18.0,1414.0,0.0
143,B120-o8,o8,60394.583420237344,60394.58687327476,13.42,34.06,6.81,7.68,12.1,2.42,15.76,3.15,128.0,1424.0,0.0
144,B121-st,st,60396.24487430546,60396.248228529286,29.69,137.86,27.57,5.9,48.99,9.8,83.08,16.62,98.0,1381.0,0.0
145,B122-tr,tr,60398.43445480425,60398.43767253517,9.5,13.44,2.69,7.3,4.78,0.96,6.55,1.31,256.0,1418.0,0.0
146,B123-wb,wb,60424.43251762619,60424.43374724623,5.44,6.09,1.22,3.07,2.16,0.43,7.05,1.41,78.0,1271.0,0.0
147,B123-st,st,60424.432518350906,60424.43374515451,7.58,12.45,2.49,3.28,4.42,0.88,13.51,2.7,60.0,1381.0,0.0
148,B124-st,st,60425.44129293262,60425.4424318362,3.5,13.36,2.67,3.71,4.75,0.95,12.79,2.56,98.0,1381.0,0.0
149,B125-o8,o8,60431.43716603449,60431.43777478282,191.13,554.49,110.9,68.86,197.06,39.41,28.62,5.72,85.0,1424.0,0.0
150,B125-st,st,60431.43716980587,60431.43777544297,116.05,1168.39,233.68,47.4,415.22,83.04,87.61,17.52,98.0,1381.0,0.0
151,B126-wb,wb,60432.3850821836,60432.38560517579,8.14,36.38,7.28,10.75,12.93,2.59,12.03,2.41,128.0,1271.0,0.0
152,B127-wb,wb,60433.20315328247,60433.203601985886,4.14,21.31,4.26,10.75,7.57,1.51,7.05,1.41,94.0,1271.0,0.0
153,B127-st,st,60433.22429550885,60433.224739053374,4.64,13.92,2.78,9.61,4.95,0.99,5.15,1.03,98.0,1381.0,0.0
154,B128-o8,o8,60435.327811556446,60435.32806621881,12.01,13.81,2.76,4.61,4.91,0.98,10.65,2.13,128.0,1424.0,0.0
155,B129-wb,wb,60436.09551180714,60436.09571013079,4.68,25.15,5.03,37.89,8.94,1.79,2.36,0.47,128.0,1271.0,1.0
156,B130-wb,wb,60453.09349116298,60453.09209543139,9.49,13.67,2.73,3.07,4.86,0.97,15.82,3.16,128.0,1271.0,0.0
157,B131-st,st,60458.07607765735,60458.074220384005,4.79,22.4,4.48,6.12,7.96,1.59,13.02,2.6,98.0,1381.0,0.0
158,B132-wb,wb,60471.11648568393,60471.113486318696,9.26,77.12,15.42,26.62,27.41,5.48,10.3,2.06,94.0,1271.0,1.0
159,B133-wb,wb,60506.106182591066,60506.1007383813,6.07,67.8,13.56,18.94,24.09,4.82,12.72,2.54,128.0,1271.0,1.0
160,B134-tr,tr,60563.95707814191,60563.9511970828,13.3,20.84,4.17,6.66,7.4,1.48,11.13,2.23,72.0,1444.0,0.0
161,B135-wb,wb,60573.92643116617,60573.9209933675,21.37,70.25,14.05,5.5,24.96,4.99,45.37,9.07,82.0,1271.0,0.0
162,B136-wb,wb,60581.87749677785,60581.87250988648,31.16,211.15,42.23,14.21,75.04,15.01,52.83,10.57,83.0,1271.0,0.0
163,B137-tr,tr,60586.95765262046,60586.95299540394,33.47,113.18,22.64,14.08,40.22,8.04,28.57,5.71,70.0,1444.0,0.0
164,B137-wb,wb,60586.95765579363,60586.95299864159,397.87,3982.85,796.57,31.49,1415.43,283.09,449.61,89.92,128.0,1271.0,0.0
165,B138-tr,tr,60654.79267459724,60654.79400514649,4.48,6.79,1.36,10.24,2.41,0.48,2.36,0.47,128.0,1444.0,0.0
166,B139-tr,tr,60658.71896724756,60658.72063700569,14.53,21.3,4.26,2.82,7.57,1.51,26.89,5.38,128.0,1444.0,0.0
167,B139-wb,wb,60658.71896948136,60658.72064013613,34.06,118.2,23.64,3.2,42.01,8.4,131.3,26.26,24.0,1315.0,0.0
168,B140-wb,wb,60673.60706765002,60673.60990527511,33.0,173.43,34.69,11.52,61.63,12.33,53.51,10.7,128.0,1271.0,0.0
169,B141-tr,tr,60674.669723654224,60674.67263502189,363.47,805.41,161.08,9.34,286.23,57.25,306.39,61.28,128.0,1444.0,0.0
170,B142-wb,wb,60679.587260320295,60679.59050067575,5.7,30.91,6.18,10.24,10.98,2.2,10.73,2.15,128.0,1271.0,0.0
171,B143-wb,wb,60679.63358300681,60679.63682631113,9.62,92.09,18.42,26.11,32.73,6.55,12.54,2.51,128.0,1271.0,0.0
172,B144-wb,wb,60679.66900175127,60679.67224730848,8.6,28.05,5.61,10.75,9.97,1.99,9.27,1.85,83.0,1271.0,0.0
173,B145-wb,wb,60679.70781727473,60679.71106529908,9.05,27.96,5.59,10.24,9.94,1.99,9.71,1.94,70.0,1271.0,0.0
174,B146-wb,wb,60679.71139962376,60679.71464787571,17.43,34.68,6.94,6.66,12.32,2.46,18.52,3.7,91.0,1271.0,0.0
175,B147-wb,wb,60679.74264874742,60679.74589898406,6.67,61.37,12.27,17.41,21.81,4.36,12.53,2.51,128.0,1271.0,0.0
176,B148-tr,tr,60681.57116778246,60681.57453106828,3.42,28.14,5.63,3.58,10.0,2.0,27.9,5.58,0.0,1406.0,0.0
177,B149-tr,tr,60681.66580450142,60681.6691735682,7.91,42.9,8.58,32.77,15.25,3.05,4.65,0.93,128.0,1444.0,0.0
178,B150-wb,wb,60682.49458644465,60682.49802062725,6.36,17.23,3.45,10.24,6.12,1.22,5.98,1.2,128.0,1271.0,1.0
179,B151-wb,wb,60682.7366121019,60682.74004667099,4.93,41.12,8.22,20.99,14.61,2.92,6.96,1.39,128.0,1271.0,0.0
180,B152-tr,tr,60683.54298344898,60683.54646475714,12.23,33.93,6.79,11.78,12.06,2.41,10.24,2.05,78.0,1444.0,0.0
181,B153-tr,tr,60683.58526064622,60683.588744428576,7.14,52.04,10.41,17.41,18.5,3.7,10.63,2.13,128.0,1444.0,0.0
182,B154-tr,tr,60683.6214495291,60683.62493542744,5.7,19.71,3.94,12.29,7.01,1.4,5.7,1.14,128.0,1444.0,0.0
183,B155-tr,tr,60683.65134905097,60683.654836696245,4.33,10.32,2.06,7.68,3.67,0.73,4.78,0.96,75.0,1444.0,0.0
184,B156-wb,wb,60683.68230519123,60683.68579554782,4.94,9.48,1.9,3.58,3.37,0.67,9.4,1.88,128.0,1271.0,0.0
185,B157-tr,tr,60684.6069927185,60684.61053556827,3.6,7.74,1.55,4.35,2.75,0.55,6.32,1.26,128.0,1444.0,0.0
186,B158-tr,tr,60686.61698517049,60686.620640094014,31.19,31.86,6.37,2.05,11.32,2.26,55.31,11.06,128.0,1444.0,0.0
187,B158-wb,wb,60686.6169874138,60686.62064323052,12.48,21.13,4.23,1.79,7.51,1.5,41.92,8.38,128.0,1271.0,0.0
188,B159-wb,wb,60693.57055100274,60693.57456482895,7.67,25.16,5.03,4.1,8.94,1.79,21.83,4.37,128.0,1271.0,1.0
189,B160-wb,wb,60696.40910510692,60696.4132249655,9.89,14.02,2.8,5.63,4.98,1.0,8.85,1.77,128.0,1271.0,0.0
190,B161-wb,wb,60696.57077607865,60696.574916477286,4.65,13.77,2.75,11.26,4.89,0.98,4.35,0.87,128.0,1271.0,1.0
191,B162-o8,o8,60697.68524187365,60697.68941175066,3.3,30.27,6.05,14.34,10.76,2.15,7.51,1.5,12.0,1424.0,0.0
192,B163-tr,tr,60698.53422683902,60698.53842778187,40.83,184.49,36.9,11.52,65.57,13.11,56.93,11.39,128.0,1444.0,0.0
193,B163-wb,wb,60698.53422917315,60698.538430941,6.74,41.33,8.27,14.85,14.69,2.94,9.89,1.98,128.0,1271.0,0.0
194,B164-tr,tr,60795.31564039256,60795.31635788554,4.38,7.51,1.5,8.19,2.67,0.53,3.26,0.65,96.0,1444.0,0.0
195,B165-tr,tr,60795.36161862386,60795.36233199079,5.64,5.19,1.04,5.12,1.85,0.37,3.61,0.72,58.0,1444.0,0.0
196,B166-tr,tr,60798.35670099363,60798.35714373731,4.74,11.93,2.39,8.19,4.24,0.85,5.18,1.04,128.0,1444.0,0.0
197,B167-tr,tr,60803.220209341314,60803.22020627067,5.19,12.2,2.44,2.05,4.33,0.87,21.17,4.23,32.0,1494.0,0.0
198,B167-st,st,60803.22021413816,60803.220207163016,11.72,38.61,7.72,5.9,13.72,2.74,23.27,4.65,46.0,1381.0,0.0
199,B168-tr,tr,60805.284087153566,60805.28389314219,4.69,6.23,1.25,7.17,2.21,0.44,3.09,0.62,128.0,1444.0,0.0
200,B169-tr,tr,60805.2908891715,60805.29069452952,7.3,8.27,1.65,6.14,2.94,0.59,4.79,0.96,128.0,1444.0,0.0
201,B170-wb,wb,60805.35948567218,60805.35929811844,15.12,17.65,3.53,2.82,6.27,1.25,22.28,4.46,96.0,1271.0,1.0
202,B171-wb,wb,60806.32803204863,60806.32775458942,9.81,23.24,4.65,4.61,8.26,1.65,17.92,3.58,128.0,1271.0,1.0
203,B172-wb,wb,60807.26739339015,60807.26702860342,5.43,10.85,2.17,10.24,3.86,0.77,3.77,0.75,71.0,1271.0,1.0
204,B173-wb,wb,60809.31987475521,60809.31930480552,4.21,13.55,2.71,7.68,4.82,0.96,6.27,1.25,128.0,1271.0,0.0
205,B174-tr,tr,60812.21032063865,60812.20948187014,4.8,6.23,1.25,6.14,2.21,0.44,3.6,0.72,128.0,1444.0,0.0
206,B175-wb,wb,60814.15715505397,60814.15614807,9.01,27.84,5.57,12.29,9.9,1.98,8.05,1.61,128.0,1271.0,1.0
207,B176-tr,tr,60816.17770858533,60816.17650009,4.85,7.27,1.45,7.17,2.58,0.52,3.61,0.72,128.0,1444.0,0.0
208,B177-wb,wb,60816.33300886322,60816.33178514989,4.82,23.81,4.76,10.75,8.46,1.69,7.87,1.57,128.0,1271.0,0.0
209,B179-wb,wb,60817.07256126624,60817.07128289285,8.03,21.07,4.21,12.29,7.49,1.5,6.09,1.22,128.0,1271.0,1.0
210,B178-wb,wb,60817.07256126913,60817.07128289574,7.89,28.74,5.75,16.38,10.21,2.04,6.24,1.25,128.0,1271.0,1.0
211,B180-tr,tr,60819.33259037959,60819.3310890199,7.58,7.22,1.44,7.17,2.57,0.51,3.58,0.72,95.0,1444.0,0.0
212,B48-wb,wb,NA,NA,NA,NA,NA,NA,NA,NA,NA,NA,NA,NA,NA
213,B81-o8,o8,NA,NA,NA,NA,NA,NA,NA,NA,NA,NA,NA,NA,NA
214,B86-tr,tr,NA,NA,NA,NA,NA,NA,NA,NA,NA,NA,NA,NA,NA
215,B88-tr,tr,NA,NA,NA,NA,NA,NA,NA,NA,NA,NA,NA,NA,NA
