id,toa_utc,fluence,bandwidth,cent_freq,2bit-wb-tag,burst-index,telescope,toa_start,toa_end,exposure_since_previous_h,exposure_until_next_h
B02-wb,60355.64416656103,16.66,128.0,1271.0,0.0,2,wb,NA,NA,NA,12.385206277482212
B03-st,60357.34378168892,20.15,98.0,1381.0,0.0,3,st,60355.64416656103,60357.34378168892,12.385206277482212,2.27191982511431
B04-st,60357.43852301088,25.1,53.0,1381.0,0.0,4,st,60357.34378168892,60357.43852301088,2.27191982511431,35.93587394611677
B05-st,60361.54750886334,35.49,98.0,1381.0,0.0,5,st,60357.43852301088,60361.54750886334,35.93587394611677,26.123037655488588
B06-st,60366.34614858078,16.72,98.0,1381.0,0.0,6,st,60361.54750886334,60366.34614858078,26.123037655488588,24.604159254929982
B07-wb,60369.29523706191,17.45,128.0,1271.0,1.0,7,wb,60366.34614858078,60369.29523706191,24.604159254929982,0.9782382840639912
B08-st,60369.33599699041,12.74,98.0,1381.0,0.0,8,st,60369.29523706191,60369.33599699041,0.9782382840639912,0.8345190498512238
B09-wb,60369.37076861749,7.34,77.0,1271.0,0.0,9,wb,60369.33599699041,60369.37076861749,0.8345190498512238,7.133859677764121
B10-wb,60370.2667902702,16.21,128.0,1271.0,1.0,10,wb,60369.37076861749,60370.2667902702,7.133859677764121,0.654438401281368
B11-wb,60370.29405853692,8.67,128.0,1271.0,0.0,11,wb,60370.2667902702,60370.29405853692,0.654438401281368,3.0461183408042416
B12-wb,60370.420980134455,15.48,128.0,1271.0,0.0,12,wb,60370.29405853692,60370.420980134455,3.0461183408042416,0.7449296526610851
B13-wb,60370.45201886998,42.4,93.0,1271.0,0.0,13,wb,60370.420980134455,60370.45201886998,0.7449296526610851,0.13756087725050747
B14-wb,60370.4577505732,11.13,128.0,1271.0,0.0,14,wb,60370.45201886998,60370.4577505732,0.13756087725050747,4.7992000064696185
B15-st,60371.27989818374,11.29,98.0,1381.0,0.0,15,st,60370.4577505732,60371.27989818374,4.7992000064696185,15.1641237270087
B16-st,60372.51138014962,14.52,66.0,1381.0,0.0,16,st,60371.27989818374,60372.51138014962,15.1641237270087,1.40150530426763
B17-wb,60373.25807439553,11.49,128.0,1271.0,1.0,17,wb,60372.51138014962,60373.25807439553,1.40150530426763,0.729834065947216
B18-wb,60373.28848414828,15.4,128.0,1271.0,0.0,18,wb,60373.25807439553,60373.28848414828,0.729834065947216,1.640613497234881
B19-wb,60373.35687176086,22.15,128.0,1271.0,0.0,19,wb,60373.28848414828,60373.35687176086,1.640613497234881,3.1379910290124826
B20-st,60373.48767547448,20.95,98.0,1381.0,0.0,20,st,60373.35687176086,60373.48767547448,3.1379910290124826,1.3912688157870434
B21-st,60373.54564500847,50.08,98.0,1381.0,0.0,21,st,60373.48767547448,60373.54564500847,1.3912688157870434,4.155828896386083
B22-st,60374.31819053136,28.42,98.0,1381.0,0.0,22,st,60373.54564500847,60374.31819053136,4.155828896386083,9.669672141841147
B23-st,60375.29803356415,29.34,98.0,1381.0,0.0,23,st,60374.31819053136,60375.29803356415,9.669672141841147,0.13784085464430973
B24-st,60375.30377693309,17.27,60.0,1381.0,0.0,24,st,60375.29803356415,60375.30377693309,0.13784085464430973,1.1547238987404853
B25-wb,60375.35196013167,21.19,128.0,1271.0,0.0,25,wb,60375.30377693309,60375.35196013167,1.1547238987404853,0.7421283523435704
B26-wb,60375.382882146354,26.11,128.0,1271.0,0.0,26,wb,60375.35196013167,60375.382882146354,0.7421283523435704,0.04647472029319033
B27-wb,60375.38481859303,17.39,128.0,1271.0,1.0,27,wb,60375.382882146354,60375.38481859303,0.04647472029319033,0.38569631741847843
B28-wb,60375.400889272925,31.05,95.0,1271.0,0.0,28,wb,60375.38481859303,60375.400889272925,0.38569631741847843,0.09491126309148967
B29-wb,60375.40484390889,32.37,74.0,1271.0,0.0,29,wb,60375.400889272925,60375.40484390889,0.09491126309148967,0.586682689783629
B30-wb,60375.42928902096,42.07,73.0,1271.0,0.0,30,wb,60375.40484390889,60375.42928902096,0.586682689783629,0.044110211776569486
B31-wb,60375.43112694645,16.15,128.0,1271.0,1.0,31,wb,60375.42928902096,60375.43112694645,0.044110211776569486,0.4169550044462085
B32-wb,60375.44850007164,10.33,128.0,1271.0,0.0,32,wb,60375.43112694645,60375.44850007164,0.4169550044462085,0.09042345854686573
B33-wb,60375.452267715744,17.17,25.0,1228.0,0.0,33,wb,60375.44850007164,60375.452267715744,0.09042345854686573,0.4892244378570467
B34-st,60375.47265206732,21.13,61.0,1381.0,0.0,34,st,60375.452267715744,60375.47265206732,0.4892244378570467,6.9706343648722395
B35-st,60376.32179919394,42.42,98.0,1381.0,0.0,35,st,60375.47265206732,60376.32179919394,6.9706343648722395,0.2367329011321999
B36-st,60376.33166306482,36.76,98.0,1381.0,0.0,36,st,60376.32179919394,60376.33166306482,0.2367329011321999,8.79663340758998
B37-st,60377.25332420013,35.93,98.0,1381.0,0.0,37,st,60376.33166306482,60377.25332420013,8.79663340758998,1.4824975447263569
B38-st,60377.31509493116,117.6,98.0,1381.0,0.0,38,st,60377.25332420013,60377.31509493116,1.4824975447263569,1.3945535573875532
B39-st,60377.37326059496,25.97,98.0,1381.0,0.0,39,st,60377.31509493116,60377.37326059496,1.3945535573875532,1.533743338251952
B40-st,60377.43716656739,20.77,98.0,1381.0,0.0,40,st,60377.37326059496,60377.43716656739,1.533743338251952,0.5193531416589394
B41-st,60377.45883144421,26.76,98.0,1381.0,0.0,41,st,60377.43716656739,60377.45883144421,0.5193531416589394,4.021073686948512
B42-st,60377.62641291368,12.48,98.0,1381.0,0.0,42,st,60377.45883144421,60377.62641291368,4.021073686948512,0.8518967143027112
B43-st,60378.2170109091,21.39,98.0,1381.0,0.0,43,st,60377.62641291368,60378.2170109091,0.8518967143027112,2.312635973095894
B44-st,60378.313370741314,210.7,68.0,1381.0,0.0,44,st,60378.2170109091,60378.313370741314,2.312635973095894,3.5283482643426396
B45-st,60378.46047526318,12.92,98.0,1381.0,0.0,45,st,60378.313370741314,60378.46047526318,3.5283482643426396,1.2739304532296956
B46-wb,60378.51355569873,19.62,128.0,1271.0,1.0,46,wb,60378.46047526318,60378.51355569873,1.2739304532296956,1.0394076567026787
B47-wb,60378.55686435109,25.16,128.0,1271.0,1.0,47,wb,60378.51355569873,60378.55686435109,1.0394076567026787,3.3961670900462195
B49-st,60379.25557460732,14.75,98.0,1381.0,0.0,49,st,60378.55686435109,60379.25557460732,3.3961670900462195,0.11140738148242235
B50-st,60379.26021658155,23.6,98.0,1381.0,0.0,50,st,60379.25557460732,60379.26021658155,0.11140738148242235,0.2229953280184418
B51-st,60379.26950805355,16.72,98.0,1381.0,0.0,51,st,60379.26021658155,60379.26950805355,0.2229953280184418,0.016423667140770704
B52-wb,60379.27019237301,12.1,128.0,1271.0,1.0,52,wb,60379.26950805355,60379.27019237301,0.016423667140770704,1.9565265853889287
B53-st,60379.35177074785,30.96,98.0,1381.0,0.0,53,st,60379.27019237301,60379.35177074785,1.9565265853889287,1.1768592279986478
B54-st,60379.40080654902,28.46,67.0,1381.0,0.0,54,st,60379.35177074785,60379.40080654902,1.1768592279986478,3.3350937144714408
B55-st,60379.53979144154,37.3,66.0,1381.0,0.0,55,st,60379.40080654902,60379.53979144154,3.3350937144714408,3.1829534777789377
B56-o8,60380.22753164882,31.86,128.0,1424.0,0.0,56,o8,60379.53979144154,60380.22753164882,3.1829534777789377,1.1656033481704071
B57-st,60380.276098455,87.03,73.0,1381.0,0.0,57,st,60380.22753164882,60380.276098455,1.1656033481704071,2.9010719804791734
B58-st,60380.39697645418,20.79,98.0,1381.0,0.0,58,st,60380.276098455,60380.39697645418,2.9010719804791734,0.0697825311217457
B59-st,60380.39988405965,53.35,98.0,1381.0,0.0,59,st,60380.39697645418,60380.39988405965,0.0697825311217457,0.7695651459507644
B60-st,60380.43194927406,668.94,73.0,1381.0,0.0,60,st,60380.39988405965,60380.43194927406,0.7695651459507644,0.3078146920306608
B61-tr,60380.44477488623,23.85,128.0,1414.0,0.0,61,tr,60380.43194927406,60380.44477488623,0.3078146920306608,0.1767718144110404
B63-o8,60380.4521403785,194.56,128.0,1424.0,0.0,63,o8,60380.44477488623,60380.4521403785,0.1767718144110404,1.404492650181055e-05
B62-st,60380.4521409637,144.71,98.0,1381.0,0.0,62,st,60380.4521403785,60380.4521409637,1.404492650181055e-05,0.26287525438237935
B64-tr,60380.4630940993,15.19,128.0,1414.0,0.0,64,tr,60380.4521409637,60380.4630940993,0.26287525438237935,0.17652193852700293
B65-o8,60380.47044918007,7.09,90.0,1424.0,0.0,65,o8,60380.4630940993,60380.47044918007,0.17652193852700293,1.356293136428576
B67-o8,60380.52696139409,24.11,128.0,1424.0,0.0,67,o8,60380.47044918007,60380.52696139409,1.356293136428576,3.750203177332878e-06
B66-tr,60380.52696155035,28.53,128.0,1414.0,0.0,66,tr,60380.52696139409,60380.52696155035,3.750203177332878e-06,0.0572175137931481
B68-tr,60380.529345613424,5.78,128.0,1414.0,0.0,68,tr,60380.52696155035,60380.529345613424,0.0572175137931481,0.49950542114675045
B70-o8,60380.550158339305,9.16,128.0,1424.0,0.0,70,o8,60380.529345613424,60380.550158339305,0.49950542114675045,0.11435328639345244
B71-o8,60380.55492305957,17.37,128.0,1424.0,0.0,71,o8,60380.550158339305,60380.55492305957,0.11435328639345244,0.2006256419699639
B72-o8,60380.56328246132,5.25,92.0,1424.0,0.0,72,o8,60380.55492305957,60380.56328246132,0.2006256419699639,0.7905131164588965
B73-st,60380.59622050784,42.19,98.0,1381.0,0.0,73,st,60380.56328246132,60380.59622050784,0.7905131164588965,1.0031230071326718
B74-st,60381.19497111216,27.55,58.0,1381.0,0.0,74,st,60380.59622050784,60381.19497111216,1.0031230071326718,0.28258378920145333
B75-st,60381.20674543671,27.39,63.0,1381.0,0.0,75,st,60381.19497111216,60381.20674543671,0.28258378920145333,0.29791345522971824
B76-st,60381.21915849735,30.41,98.0,1381.0,0.0,76,st,60381.20674543671,60381.21915849735,0.29791345522971824,0.8547157657449134
B77-o8,60381.254771654254,17.47,128.0,1424.0,0.0,77,o8,60381.21915849735,60381.254771654254,0.8547157657449134,0.24071305413963273
B78-o8,60381.26480136484,11.82,128.0,1424.0,0.0,78,o8,60381.254771654254,60381.26480136484,0.24071305413963273,0.5248473490937613
B79-o8,60381.28667000439,8.18,128.0,1424.0,0.0,79,o8,60381.26480136484,60381.28667000439,0.5248473490937613,0.4257810136768967
B80-st,60381.30441087996,132.58,98.0,1381.0,0.0,80,st,60381.28667000439,60381.30441087996,0.4257810136768967,0.7566321546910331
B82-o8,60381.33593721974,8.32,128.0,1424.0,0.0,82,o8,60381.30441087996,60381.33593721974,0.7566321546910331,1.6927281667012721
B83-o8,60381.40646756002,8.53,128.0,1424.0,0.0,83,o8,60381.33593721974,60381.40646756002,1.6927281667012721,0.31395068939309567
B84-o8,60381.41954883874,10.1,128.0,1424.0,0.0,84,o8,60381.40646756002,60381.41954883874,0.31395068939309567,0.4982917706365697
B85-o8,60381.44031099585,11.65,128.0,1424.0,0.0,85,o8,60381.41954883874,60381.44031099585,0.4982917706365697,0.12817407870898023
B86-o8,60381.445651582464,9.65,128.0,1424.0,0.0,86,o8,60381.44031099585,60381.445651582464,0.12817407870898023,0.09774993953760713
B87-tr,60381.44972449661,32.88,128.0,1414.0,0.0,87,tr,60381.445651582464,60381.44972449661,0.09774993953760713,0.5341631946503185
B88-st,60381.47198129639,16.37,64.0,1381.0,0.0,88,st,60381.44972449661,60381.47198129639,0.5341631946503185,0.37513595446944237
B89-o8,60381.48761196116,4.67,128.0,1424.0,0.0,89,o8,60381.47198129639,60381.48761196116,0.37513595446944237,0.9829145710682496
B90-o8,60381.52856673495,13.24,128.0,1424.0,0.0,90,o8,60381.48761196116,60381.52856673495,0.9829145710682496,0.4075545233208686
B91-o8,60381.545548173424,5.07,128.0,1424.0,0.0,91,o8,60381.52856673495,60381.545548173424,0.4075545233208686,1.54733600205509
B92-o8,60381.61002050684,9.18,128.0,1424.0,0.0,92,o8,60381.545548173424,60381.61002050684,1.54733600205509,1.1628743962501176
B93-o8,60382.21356914982,15.01,128.0,1424.0,0.0,93,o8,60381.61002050684,60382.21356914982,1.1628743962501176,0.036812260339502245
B94-o8,60382.215102994,8.97,128.0,1424.0,0.0,94,o8,60382.21356914982,60382.215102994,0.036812260339502245,0.2557379033532925
B95-o8,60382.22575873997,20.07,128.0,1424.0,0.0,95,o8,60382.215102994,60382.22575873997,0.2557379033532925,1.978843179938849
B96-o8,60382.30821053914,17.78,128.0,1424.0,0.0,96,o8,60382.22575873997,60382.30821053914,1.978843179938849,0.7330273454426788
B97-o8,60382.3387533452,11.16,128.0,1424.0,0.0,97,o8,60382.30821053914,60382.3387533452,0.7330273454426788,0.6722890951205045
B98-o8,60382.36676539083,16.84,77.0,1424.0,0.0,98,o8,60382.3387533452,60382.36676539083,0.6722890951205045,0.49790593871148303
B99-o8,60382.38751147161,5.3,52.0,1424.0,0.0,99,o8,60382.36676539083,60382.38751147161,0.49790593871148303,1.734834959905129
B100-st,60382.4597962616,31.78,98.0,1381.0,0.0,100,st,60382.38751147161,60382.4597962616,1.734834959905129,3.023084230371751
B101-st,60382.586024355645,20.92,98.0,1381.0,0.0,101,st,60382.4597962616,60382.586024355645,3.023084230371751,3.018534181814175
B102-st,60383.26844450999,530.21,98.0,1381.0,0.0,102,st,60382.586024355645,60383.26844450999,3.018534181814175,2.0477904987637885
B103-st,60383.3537691141,22.84,57.0,1381.0,0.0,103,st,60383.26844450999,60383.3537691141,2.0477904987637885,12.053902931220364
B104-st,60384.41118088184,81.12,52.0,1381.0,0.0,104,st,60383.3537691141,60384.41118088184,12.053902931220364,21.00732754706405
B106-o8,60386.39685228792,7.96,72.0,1424.0,0.0,106,o8,60384.41118088184,60386.39685228792,21.00732754706405,2.1334231948130764
B107-o8,60386.48574492104,50.6,128.0,1424.0,0.0,107,o8,60386.39685228792,60386.48574492104,2.1334231948130764,1.9648663354455493
B108-o8,60386.56761435168,14.24,128.0,1424.0,0.0,108,o8,60386.48574492104,60386.56761435168,1.9648663354455493,5.908732665760908
B109-st,60387.36717398565,11.55,98.0,1381.0,0.0,109,st,60386.56761435168,60387.36717398565,5.908732665760908,5.400233203545213e-05
B110-wb,60387.36717623575,10.14,128.0,1271.0,0.0,110,wb,60387.36717398565,60387.36717623575,5.400233203545213e-05,3.9877151777618565
B112-wb,60387.53333103482,23.71,128.0,1271.0,0.0,112,wb,60387.36717623575,60387.53333103482,3.9877151777618565,8.72188976733014
B113-st,60388.450574899005,18.82,57.0,1381.0,0.0,113,st,60387.53333103482,60388.450574899005,8.72188976733014,17.203265089716297
B114-st,60390.27652105175,54.03,98.0,1381.0,0.0,114,st,60388.450574899005,60390.27652105175,17.203265089716297,3.5801671020453796
B115-st,60390.42576620423,12.49,98.0,1381.0,0.0,115,st,60390.27652105175,60390.42576620423,3.5801671020453796,14.155422465701122
B116-st,60391.56906991559,14.54,98.0,1381.0,0.0,116,st,60390.42576620423,60391.56906991559,14.155422465701122,11.248228841694072
B117-st,60392.592848971,39.2,98.0,1381.0,0.0,117,st,60391.56906991559,60392.592848971,11.248228841694072,9.717473601107486
B118-st,60393.55449641828,16.14,98.0,1381.0,0.0,118,st,60392.592848971,60393.55449641828,9.717473601107486,5.698238871060312
B119-st,60394.34741466928,23.86,98.0,1381.0,0.0,119,st,60393.55449641828,60394.34741466928,5.698238871060312,5.745534187182784
B120-st,60394.5868739031,52.71,18.0,1414.0,0.0,120,st,60394.34741466928,60394.5868739031,5.745534187182784,13.566292062343564
B121-st,60396.248228529286,137.86,98.0,1381.0,0.0,121,st,60394.5868739031,60396.248228529286,13.566292062343564,25.458583285217173
B122-tr,60398.43767253517,13.44,256.0,1418.0,0.0,122,tr,60396.248228529286,60398.43767253517,25.458583285217173,120.2424305244349
B123-st,60424.43374515451,12.45,60.0,1381.0,0.0,123,st,60398.43767253517,60424.43374515451,120.2424305244349,10.87993956101127
B124-st,60425.4424318362,13.36,98.0,1381.0,0.0,124,st,60424.43374515451,60425.4424318362,10.87993956101127,53.85630038310774
B125-st,60431.43777544297,1168.39,98.0,1381.0,0.0,125,st,60425.4424318362,60431.43777544297,53.85630038310774,9.135492330417037
B126-wb,60432.38560517579,36.38,128.0,1271.0,0.0,126,wb,60431.43777544297,60432.38560517579,9.135492330417037,5.857863665674813
B127-wb,60433.203601985886,21.31,94.0,1271.0,0.0,127,wb,60432.38560517579,60433.203601985886,5.857863665674813,24.420952488610055
B128-o8,60435.32806621881,13.81,128.0,1424.0,0.0,128,o8,60433.203601985886,60435.32806621881,24.420952488610055,5.125422566605266
B129-wb,60436.09571013079,25.15,128.0,1271.0,1.0,129,wb,60435.32806621881,60436.09571013079,5.125422566605266,177.3346561557264
B130-wb,60453.09209543139,13.67,128.0,1271.0,0.0,130,wb,60436.09571013079,60453.09209543139,177.3346561557264,52.09858756681206
B131-st,60458.074220384005,22.4,98.0,1381.0,0.0,131,st,60453.09209543139,60458.074220384005,52.09858756681206,124.21263401792385
B132-wb,60471.113486318696,77.12,94.0,1271.0,1.0,132,wb,60458.074220384005,60471.113486318696,124.21263401792385,115.78802095813444
B133-wb,60506.1007383813,67.8,128.0,1271.0,1.0,133,wb,60471.113486318696,60506.1007383813,115.78802095813444,56.62039262952749
B134-tr,60563.9511970828,20.84,72.0,1444.0,0.0,134,tr,60506.1007383813,60563.9511970828,56.62039262952749,25.500016633537598
B135-wb,60573.9209933675,70.25,82.0,1271.0,0.0,135,wb,60563.9511970828,60573.9209933675,25.500016633537598,29.015814860758837
B136-wb,60581.87250988648,211.15,83.0,1271.0,0.0,136,wb,60573.9209933675,60581.87250988648,29.015814860758837,27.317258484545164
B137-wb,60586.95299864159,3982.85,128.0,1271.0,0.0,137,wb,60581.87250988648,60586.95299864159,27.317258484545164,172.45457651058678
B138-tr,60654.79400514649,6.79,128.0,1444.0,0.0,138,tr,60586.95299864159,60654.79400514649,172.45457651058678,6.369405925855972
B139-wb,60658.72064013613,118.2,24.0,1315.0,0.0,139,wb,60654.79400514649,60658.72064013613,6.369405925855972,27.82313870085636
B140-wb,60673.60990527511,173.43,128.0,1271.0,0.0,140,wb,60658.72064013613,60673.60990527511,27.82313870085636,7.092835671210196
B141-tr,60674.67263502189,805.41,128.0,1444.0,0.0,141,tr,60673.60990527511,60674.67263502189,7.092835671210196,10.19101867522113
B142-wb,60679.59050067575,30.91,128.0,1271.0,0.0,142,wb,60674.67263502189,60679.59050067575,10.19101867522113,1.0947748225880787
B143-wb,60679.63682631113,92.09,128.0,1271.0,0.0,143,wb,60679.59050067575,60679.63682631113,1.0947748225880787,0.8372507985332049
B144-wb,60679.67224730848,28.05,83.0,1271.0,0.0,144,wb,60679.63682631113,60679.67224730848,0.8372507985332049,0.9143000768381171
B145-wb,60679.71106529908,27.96,70.0,1271.0,0.0,145,wb,60679.67224730848,60679.71106529908,0.9143000768381171,0.08598183916183189
B146-wb,60679.71464787571,34.68,91.0,1271.0,0.0,146,wb,60679.71106529908,60679.71464787571,0.08598183916183189,0.7368821914424188
B147-wb,60679.74589898406,61.37,128.0,1271.0,0.0,147,wb,60679.71464787571,60679.74589898406,0.7368821914424188,1.518179688078817
B148-tr,60681.57453106828,28.14,0.0,1406.0,0.0,148,tr,60679.74589898406,60681.57453106828,1.518179688078817,2.151410482241772
B149-tr,60681.6691735682,42.9,128.0,1444.0,0.0,149,tr,60681.57453106828,60681.6691735682,2.151410482241772,2.095273675164208
B150-wb,60682.49802062725,17.23,128.0,1271.0,1.0,150,wb,60681.6691735682,60682.49802062725,2.095273675164208,5.707074525242206
B151-wb,60682.74004667099,41.12,128.0,1271.0,0.0,151,wb,60682.49802062725,60682.74004667099,5.707074525242206,3.719798423408065
B152-tr,60683.54646475714,33.93,78.0,1444.0,0.0,152,tr,60682.74004667099,60683.54646475714,3.719798423408065,1.0147121144109406
B153-tr,60683.588744428576,52.04,128.0,1444.0,0.0,153,tr,60683.54646475714,60683.588744428576,1.0147121144109406,0.8649725639261305
B154-tr,60683.62493542744,19.71,128.0,1444.0,0.0,154,tr,60683.588744428576,60683.62493542744,0.8649725639261305,0.7176304513122886
B155-tr,60683.654836696245,10.32,75.0,1444.0,0.0,155,tr,60683.62493542744,60683.654836696245,0.7176304513122886,0.7430124377715401
B156-wb,60683.68579554782,9.48,128.0,1271.0,0.0,156,wb,60683.654836696245,60683.68579554782,0.7430124377715401,5.205398411722854
B157-tr,60684.61053556827,7.74,128.0,1444.0,0.0,157,tr,60683.68579554782,60684.61053556827,5.205398411722854,14.796289076213725
B158-tr,60686.620640094014,31.86,128.0,1444.0,0.0,158,tr,60684.61053556827,60686.620640094014,14.796289076213725,48.665346928231884
B159-wb,60693.57456482895,25.16,128.0,1271.0,1.0,159,wb,60686.620640094014,60693.57456482895,48.665346928231884,14.559135846910067
B160-wb,60696.4132249655,14.02,128.0,1271.0,0.0,160,wb,60693.57456482895,60696.4132249655,14.559135846910067,3.8459369586780667
B161-wb,60696.574916477286,13.77,128.0,1271.0,1.0,161,wb,60696.4132249655,60696.574916477286,3.8459369586780667,9.039547849679366
B162-o8,60697.68941175066,30.27,12.0,1424.0,0.0,162,o8,60696.574916477286,60697.68941175066,9.039547849679366,5.598795149533544
B163-tr,60698.53842778187,184.49,128.0,1444.0,0.0,163,tr,60697.68941175066,60698.53842778187,5.598795149533544,181.68811395938974
B164-tr,60795.31635788554,7.51,96.0,1444.0,0.0,164,tr,60698.53842778187,60795.31635788554,181.68811395938974,1.1033785261097364
B165-tr,60795.36233199079,5.19,58.0,1444.0,0.0,165,tr,60795.31635788554,60795.36233199079,1.1033785261097364,7.93774374446366
B166-tr,60798.35714373731,11.93,128.0,1444.0,0.0,166,tr,60795.36233199079,60798.35714373731,7.93774374446366,5.488123104034457
B167-st,60803.220207163016,38.61,46.0,1381.0,0.0,167,st,60798.35714373731,60803.220207163016,5.488123104034457,14.439040346886031
B168-tr,60805.28389314219,6.23,128.0,1444.0,0.0,168,tr,60803.220207163016,60805.28389314219,14.439040346886031,0.16323329595616087
B169-tr,60805.29069452952,8.27,128.0,1444.0,0.0,169,tr,60805.28389314219,60805.29069452952,0.16323329595616087,1.6439851960167289
B170-wb,60805.35929811844,17.65,96.0,1271.0,1.0,170,wb,60805.29069452952,60805.35929811844,1.6439851960167289,5.899580726050772
B171-wb,60806.32775458942,23.24,128.0,1271.0,1.0,171,wb,60805.35929811844,60806.32775458942,5.899580726050772,6.777525441488251
B172-wb,60807.26702860342,10.85,71.0,1271.0,1.0,172,wb,60806.32775458942,60807.26702860342,6.777525441488251,10.94968260882888
B173-wb,60809.31930480552,13.55,128.0,1271.0,0.0,173,wb,60807.26702860342,60809.31930480552,10.94968260882888,17.68053663801402
B174-tr,60812.20948187014,6.23,128.0,1444.0,0.0,174,tr,60809.31930480552,60812.20948187014,17.68053663801402,13.30765137966955
B175-wb,60814.15614807,27.84,128.0,1271.0,1.0,175,wb,60812.20948187014,60814.15614807,13.30765137966955,15.897971441445407
B176-tr,60816.17650009,7.27,128.0,1444.0,0.0,176,tr,60814.15614807,60816.17650009,15.897971441445407,3.706841077131685
B177-wb,60816.33178514989,23.81,128.0,1271.0,0.0,177,wb,60816.17650009,60816.33178514989,3.706841077131685,1.0831894931034185
B179-wb,60817.07128289285,21.07,128.0,1271.0,1.0,179,wb,60816.33178514989,60817.07128289285,1.0831894931034185,6.932532414793968e-08
B178-wb,60817.07128289574,28.74,128.0,1271.0,1.0,178,wb,60817.07128289285,60817.07128289574,6.932532414793968e-08,21.02068681991659
B180-tr,60819.3310890199,7.22,95.0,1444.0,0.0,180,tr,60817.07128289574,60819.3310890199,21.02068681991659,NA
