mjd_day,telescope,unique_hours
60338,wb,4.7346668629324995
60339,stk,7.126805041276384
60340,wb,9.469060658826493
60342,tr,4.345538560766727
60342,wb,9.463453690172173
60343,stk,6.692601370392367
60344,stk,9.546285420132335
60344,wb,8.471220374805853
60346,dw,0.9871742509421892
60346,stk,3.583438574918546
60347,stk,8.197164236975368
60348,stk,6.057234219624661
60349,dw,2.943189380283002
60349,stk,5.578562188544311
60349,tr,4.348874525574502
60350,o8,3.987183218181599
60350,stk,8.843046274851076
60351,o8,9.468796694709454
60351,stk,9.544201860611793
60351,tr,4.356382819300052
60352,stk,9.394296270911582
60352,tr,4.343870674492791
60353,stk,2.9755470277159475
60353,tr,2.1744401555042714
60354,stk,7.831132569874171
60355,dw,2.037414074584376
60355,stk,8.311751262692269
60355,wb,3.98689194774488
60356,dw,2.0597419007099234
60356,stk,9.5449251839309
60357,stk,9.522376916371286
60358,stk,8.830875997315161
60358,tr,4.35527234809706
60359,stk,7.037908127414994
60359,tr,4.155547969741747
60360,dw,1.9999996375408955
60360,stk,8.07544495241018
60360,wb,3.7363259562989697
60361,stk,8.307775412220508
60363,stk,1.11007401131792
60364,stk,9.516861212498043
60364,wb,1.9910930485348217
60365,stk,9.545306749118026
60365,wb,5.973534008895513
60366,stk,9.550636039639357
60366,wb,1.9894273420795798
60367,stk,7.966794031555764
60367,wb,1.5758223286829889
60368,stk,8.106645913620014
60368,wb,3.120251093641855
60369,stk,7.652676585246809
60369,wb,4.976895217783749
60370,stk,8.360166346945334
60370,wb,6.469104533724021
60371,stk,9.545711616170593
60372,stk,7.144549277261831
60373,stk,9.54659513826482
60373,wb,3.98162176029291
60374,stk,9.555652698967606
60375,stk,10.525306849507615
60375,wb,3.1344050669576973
60376,stk,10.609135646140203
60377,stk,10.609108461183496
60378,stk,10.608735633955803
60378,wb,6.469104533724021
60379,stk,10.559236050175969
60379,wb,1.9921944178640842
60380,o8,8.412647574848961
60380,stk,10.595241043483838
60380,tr,4.55527093046112
60381,o8,9.421492393186782
60381,stk,10.58106487855548
60381,tr,4.553605223656632
60382,o8,10.139557707938366
60382,stk,10.256509246537462
60383,o8,9.64707283739699
60383,stk,10.572692775574978
60384,o8,10.139293745043688
60384,stk,10.607944347371813
60385,o8,4.731863378779963
60385,stk,10.607238500495441
60386,o8,10.209808658750262
60386,stk,10.650075742334593
60387,stk,10.590756439429242
60387,tr,3.9552746116532944
60387,wb,9.963774704025127
60388,stk,10.68943520821631
60389,stk,10.60908904275857
60390,stk,10.653254481672775
60391,stk,10.610274516628124
60392,stk,10.621444763091858
60392,wb,2.208381315751467
60393,stk,10.567705243360251
60394,o8,3.982950685196556
60394,stk,10.595039095147513
60395,o8,10.446703112858813
60395,stk,10.687924482102972
60396,o8,7.222022221656516
60396,stk,8.445001970801968
60397,o8,10.203910418611486
60397,stk,3.8089843597845174
60398,stk,6.28251009323867
60398,tr,4.746663358120713
60399,stk,7.057068912370596
60400,stk,10.683008796419017
60401,stk,10.1340889694402
60402,stk,8.64493143215077
60403,stk,6.275076854391955
60404,stk,4.990874176437501
60406,stk,5.601109484850895
60407,stk,6.122558562958147
60408,stk,6.97141093283426
60409,tr,4.556663000083063
60411,stk,4.769063458079472
60412,stk,6.031879069574643
60412,tr,4.548885719035752
60413,stk,4.596365903620608
60414,stk,5.97796964115696
60417,tr,4.548885718162637
60419,tr,4.548885718162637
60423,stk,2.090293536311947
60423,tr,4.5436075673787855
60424,stk,3.914180805149954
60424,wb,10.210910028254148
60425,stk,10.603012156672776
60426,stk,10.612018259475008
60426,wb,10.208142952120397
60427,stk,7.114927005255595
60427,tr,4.9441622426966205
60428,stk,4.38967895245878
60428,wb,10.210873618663754
60429,stk,3.0491327904746868
60430,stk,4.773642239975743
60430,tr,5.138884949265048
60430,wb,10.208397814887576
60431,o8,6.475439680740237
60431,stk,10.688936163322069
60432,wb,9.960016356257256
60433,stk,10.486054183740634
60433,wb,9.958887680608314
60434,o8,9.95953393826494
60434,stk,8.784858073981013
60435,o8,9.957021726644598
60435,stk,10.641329842095729
60436,stk,9.196851351996884
60436,wb,9.960052766022272
60437,o8,9.95867833000375
60437,stk,10.662169319344684
60437,tr,5.735551558784209
60438,o8,5.980497210344765
60438,stk,4.61094305163715
60439,stk,10.590624396514613
60440,stk,10.342438107880298
60440,wb,9.959215360810049
60441,stk,7.103661609697156
60441,tr,5.734995754610281
60441,wb,9.95976149418857
60442,stk,10.788826620031614
60442,wb,9.701840907277074
60443,stk,10.685809853835963
60443,wb,9.960962988145184
60444,stk,10.6709453179501
60445,stk,10.69464798993431
60445,wb,3.984589084982872
60446,stk,10.69933551340364
60447,stk,10.625288326875307
60447,tr,5.537217545032036
60448,stk,9.558203507505823
60448,wb,10.01657088106731
60449,stk,10.566140774928499
60449,wb,10.52279057877604
60450,stk,10.680491517414339
60450,wb,10.122122597589623
60451,o8,0.21999999991385266
60451,stk,10.670567735040095
60452,o8,9.681798543431796
60452,stk,8.759286789048929
60452,wb,0.28221509337890893
60453,stk,10.738938949769363
60453,tr,3.164442239154596
60453,wb,9.92527249903651
60454,stk,10.681383777817246
60454,wb,4.475162488524802
60455,stk,9.450380798487458
60456,stk,10.768330940336455
60456,wb,6.2234810493537225
60457,stk,10.879684062791057
60458,stk,10.738640790455975
60458,wb,3.6503190404037014
60459,stk,8.863065613084473
60460,stk,8.58056200464489
60461,stk,10.777927766321227
60461,tr,3.9555527991615236
60461,wb,7.714752835629042
60462,stk,9.664277471252717
60462,wb,4.152470471919514
60463,wb,7.46425966284005
60464,stk,1.191043790022377
60464,tr,3.5599975192453712
60465,stk,9.50739363685716
60465,wb,1.2193255466991104
60466,stk,7.864498293783981
60466,wb,5.750792640668806
60467,stk,9.383020547626074
60467,wb,1.3490541335195303
60468,stk,3.6938810090068728
60468,tr,2.1783302184194326
60468,wb,5.625251076242421
60469,stk,10.738448643533047
60469,wb,1.482096195628401
60470,stk,8.677410603035241
60470,wb,7.028751716134138
60471,stk,6.4899465824710205
60471,wb,5.4274952002451755
60472,stk,4.138967343256809
60472,wb,2.73973267612746
60473,tr,3.168606507999357
60473,wb,1.7437310402747244
60474,stk,6.553199987683911
60474,wb,6.05252142297104
60475,stk,6.542224892356899
60475,wb,6.646499432448763
60476,stk,2.2469197216560133
60476,wb,0.9574287110008299
60477,stk,6.284355781332124
60477,wb,6.512874827196356
60478,stk,6.5012993591954
60479,stk,6.553201929666102
60479,wb,2.740023947088048
60480,stk,6.501235279545654
60480,wb,4.267641582526267
60481,stk,3.1029694009339437
60481,tr,3.1688841260620393
60481,wb,5.942176178272348
60482,stk,6.455770771892276
60482,wb,5.228935769177042
60483,stk,6.570314107113518
60484,stk,8.227310796675738
60484,wb,5.2291906315949745
60485,stk,6.514316265354864
60485,wb,1.8559397692442872
60486,tr,3.564717023342382
60486,wb,5.614946311223321
60504,wb,4.9808819919708185
60506,wb,4.979716906731483
60507,wb,1.4951311291661114
60509,wb,4.979716906207614
60511,wb,4.978915911284275
60512,wb,4.980372266261838
60515,wb,4.980590720137116
60541,tr,2.130990519770421
60542,tr,2.1174900043406524
60556,stk,1.6460506275761873
60557,stk,2.5820524723967537
60558,wb,1.9312310404493473
60559,wb,5.289922381751239
60560,wb,3.235443804936949
60561,wb,2.1261470225290395
60562,tr,1.5291625019162893
60562,wb,5.296367021917831
60563,tr,3.796373791177757
60563,wb,5.291938365146052
60564,tr,0.8394399153767154
60564,wb,2.9733015298261307
60565,wb,2.3886129063321277
60566,wb,5.0799794139456935
60567,wb,2.2417318575899117
60568,wb,2.2420231290743686
60569,wb,2.2414405868039466
60570,wb,2.2420231288997456
60572,tr,3.6994275642209686
60572,wb,2.740023946913425
60573,tr,0.08472128439461812
60573,wb,2.739441403769888
60574,wb,2.73944140446838
60575,tr,2.3874901870731264
60575,wb,2.73944140446838
60576,tr,3.6999836811446585
60576,wb,2.738858862023335
60577,tr,0.4816638668999076
60577,wb,2.7397690844954923
60578,tr,3.9322095241514035
60578,wb,2.7391865429235622
60579,tr,0.24027654208475724
60579,wb,2.7383491378859617
60580,tr,3.9922119652619585
60580,wb,3.3129977782373317
60581,tr,0.15833319554803893
60581,wb,4.797869974456262
60582,wb,4.796459449280519
60583,tr,4.156383098219521
60583,wb,4.793050239561126
60584,wb,4.798111343057826
60585,wb,4.797565208806191
60586,tr,3.163883591245394
60586,wb,4.796668479975779
60587,wb,4.794201832031831
60588,wb,4.051255751342978
60589,tr,3.959994684846606
60589,wb,4.051219342276454
60590,stk,2.0787960945745
60590,wb,0.0799658844480291
60591,wb,3.983715271227993
60592,stk,2.1236130095785484
60592,tr,3.951653635420371
60592,wb,3.984589084109757
60593,wb,4.165950986556709
60594,stk,2.8846723830210976
60594,wb,4.299771644873545
60595,wb,4.233188996091485
60596,wb,4.232824906997848
60597,stk,1.7918338541057892
60597,tr,4.353323333663866
60599,wb,4.233407449617516
60601,tr,4.143873231019825
60601,wb,4.232133138750214
60602,stk,1.3914215159020387
60604,stk,3.806487195251975
60604,wb,4.23085882718442
60607,tr,3.9485952890245244
60607,wb,4.232460817729589
60608,wb,4.230749599984847
60609,wb,3.236641226860229
60612,wb,4.23260645364644
60613,wb,4.231514186714776
60614,tr,3.960271165240556
60614,wb,4.233152587024961
60618,tr,3.9527652442920953
60618,wb,4.234317671565805
60620,wb,4.233407448919024
60621,tr,3.9424831467331387
60624,wb,4.234026400605217
60625,tr,3.7619394273497164
60627,wb,4.100660641095601
60628,tr,3.5574898576014675
60631,wb,4.234572533459868
60632,tr,3.7597162092570215
60635,tr,3.7619394273497164
60639,tr,3.5641617873916402
60641,wb,4.233152587199584
60643,wb,4.232023911376018
60645,tr,4.738314346410334
60645,wb,2.2417318577645347
60646,wb,4.233771538187284
60649,tr,4.35499245399842
60650,wb,3.237733494141139
60652,wb,3.238024764053989
60654,tr,4.3530479918117635
60654,wb,3.238024765450973
60656,wb,3.2363135471823625
60658,tr,4.357215672789607
60658,wb,4.730570862244349
60661,wb,4.731153405213263
60663,tr,3.958605458436068
60663,wb,4.732901031675283
60664,stk,3.8039531368995085
60667,tr,3.954157884581946
60667,wb,4.7316995384171605
60669,wb,4.73202721826965
60673,wb,4.732318490277976
60674,tr,3.961105156573467
60675,wb,4.732282079989091
60677,tr,3.9569374757702462
60679,wb,4.731444675475359
60681,tr,3.9483165331184864
60682,wb,8.214828960131854
60683,dw,3.4698924970580265
60683,tr,3.959160693688318
60683,wb,8.21697708562715
60684,dw,1.9288410523440689
60684,tr,4.565540510695428
60684,wb,0.49829208879964426
60685,dw,3.188270199811086
60685,wb,7.717010187800042
60686,dw,1.8993589781457558
60686,tr,4.571650377998594
60686,wb,5.728065263014287
60687,tr,4.170819223159924
60687,wb,8.211989067087416
60688,wb,8.214173600601498
60690,stk,4.016509201086592
60690,wb,5.727773991879076
60691,wb,8.219489298819099
60692,stk,9.994678848073818
60692,wb,4.481497636064887
60693,wb,4.48288117343327
60694,stk,4.17403055971954
60694,wb,1.4943301335442811
60695,wb,8.215520729951095
60696,tr,4.364156115276273
60696,wb,4.483427307161037
60697,o8,7.220128943037707
60697,stk,7.2023801858886145
60697,wb,1.245730222610291
60698,tr,4.380257946148049
60698,wb,8.214719733281527
60699,wb,4.484337529283948
60700,stk,4.207362654735334
60700,wb,8.217413991806097
60701,wb,3.4874620802002028
60702,wb,8.213663876114879
60703,stk,3.2881158826639876
60703,tr,4.1752622437197715
60703,wb,4.481716089241672
60704,wb,8.217778080725111
60705,tr,4.166098582092673
60705,wb,2.2411493160179816
60707,wb,4.482844764541369
60708,stk,1.9699005061411299
60708,wb,8.21715912973741
60709,wb,0.2494373156223446
60710,tr,4.380813181749545
60710,wb,8.216831449011806
60711,stk,8.337981197051704
60711,wb,1.7712196981301531
60712,wb,5.977138489019126
60713,stk,7.728334256331436
60713,wb,4.482262222794816
60714,wb,1.9931319466559216
60715,wb,4.481679680175148
60716,wb,8.215047413832508
60717,wb,3.48545959132025
60725,tr,3.979705546866171
60747,tr,3.5849831193918362
60747,wb,3.9851352180121467
60749,wb,3.984880356292706
60752,wb,2.49084149353439
60754,wb,3.9860090317670256
60756,wb,3.9849167651846074
60759,wb,3.985171627427917
60760,tr,3.5844278839649633
60770,tr,3.5858159728813916
60773,wb,1.743510897969827
60775,wb,2.739441404817626
60777,tr,3.983036959427409
60777,wb,2.7396962668863125
60782,wb,2.739732675778214
60784,tr,4.381646035762969
60784,wb,2.740023946564179
60786,wb,2.7402788096806034
60789,tr,4.381646035937592
60790,wb,2.740023947088048
60792,wb,2.7405700802919455
60795,tr,4.380257947545033
60795,wb,2.7405700801173225
60797,wb,2.522116711072158
60798,tr,4.577480352425482
60799,wb,2.740606489707716
60803,stk,8.030566870816983
60803,tr,4.97747751645511
60803,wb,2.740315217874013
60804,wb,5.23115671123378
60805,tr,4.977755134168547
60805,wb,5.896711236680858
60806,stk,8.080395590106491
60806,wb,5.229117813985795
60807,wb,5.230282898875885
60808,stk,2.7527508423663676
60808,tr,4.393328735721298
60808,wb,2.99000739591429
60809,wb,4.069348978693597
60810,stk,7.930317179358099
60810,tr,4.792494184453972
60810,wb,5.230282898177393
60811,wb,5.349012285238132
60812,stk,7.685248462599702
60812,tr,4.791936673340388
60812,wb,5.2314476093743
60813,stk,4.006527340156026
60813,wb,5.346426879870705
60814,tr,4.39137744664913
60814,wb,7.224616338615306
60815,wb,8.586454525531735
60816,tr,4.493607922573574
60816,wb,5.348102062416729
60817,stk,0.10432223015232012
60817,wb,5.1090048181358725
60818,stk,10.290602931927424
60818,wb,5.230901850212831
60819,tr,4.592214571195655
60819,wb,5.3489758763462305
60820,stk,7.28959063970251
60820,wb,5.230865440971684
60821,tr,4.593050837866031
60821,wb,5.346682115632575
60822,stk,4.16215058171656
60822,wb,5.232030524814036
60823,tr,4.79221542889718
60823,wb,6.095576605468523
60824,stk,9.739932163618505
60824,wb,4.841545155853964
60825,stk,0.7893282333388925
60826,stk,9.68173908116296
60827,tr,4.592772082483862
60829,tr,4.592772082483862
60830,stk,4.630094491993077
60831,stk,9.454245325934608
60831,wb,2.2376176535035484
60832,tr,4.593050837866031
60838,wb,0.9960380443953909
60839,wb,2.2384914667345583
60841,tr,4.591935815289617
60845,wb,1.494038862758316
60846,wb,4.077409902471118
60847,tr,4.1930491219391115
60847,wb,4.997360658366233
60851,wb,4.409541475586593
60852,tr,4.5922145713702776
60852,wb,3.5576342048007064
60853,wb,4.541818685189355
60854,wb,3.43078191956738
60855,wb,4.673404390923679
60856,wb,3.29712090769317
60863,tr,4.1933278778451495
60874,wb,1.2459850845043547
60875,wb,4.123536017665174
60876,wb,3.8490645872661844
60877,wb,4.251771839917637
60878,tr,0.09972222213400528
60878,wb,3.7193360004457645
60879,tr,3.89416230894858
60879,wb,4.385687716130633
60880,wb,3.586002667550929
60881,wb,4.513959946925752
60882,wb,3.457439164747484
60883,wb,3.9013115027337335
60884,wb,2.0789581516874023
60885,wb,4.029911413730588
60886,tr,0.8147197859943844
60886,wb,1.9501033786218613
60887,tr,3.3747089279349893
60887,wb,3.4158066135132685
60888,wb,1.86813194694696
60889,wb,3.493845617864281
60890,wb,1.8726105069508776
60891,wb,3.493554346903693
60892,wb,1.5531619914108887
60893,wb,1.627066151413601
60894,tr,1.0541626355261542
60894,wb,3.4932724984246306
60895,tr,3.3341564650763758
60895,wb,1.8687050665612333
60896,wb,3.477201866917312
60897,wb,1.8892542575486004
60898,wb,1.5981350045185536
60899,wb,2.0184367118636146
60900,wb,1.4689889599685557
60901,tr,1.2966630128212273
60901,wb,1.0940747557324357
60902,tr,2.494158901332412
60902,wb,4.3617677696747705
60903,wb,2.496979591087438
60904,wb,4.357289209146984
60905,wb,1.141008000005968
60906,wb,2.480624818126671
60907,wb,2.497270862397272
60908,wb,4.359291698725428
60909,wb,2.496979591087438
60910,wb,4.361236142576672
60911,wb,2.4956176891573705
60912,wb,1.4906826135702431
60913,wb,2.9388804981135763
60914,wb,2.497562134056352
60915,wb,4.359036836482119
60916,wb,2.496397049166262
60917,wb,4.362932853517123
60918,wb,2.496979590912815
60919,wb,1.0287857779185288
60923,wb,3.488845617743209
60924,wb,2.6019930848269723
60925,wb,0.6368690846138634
60926,wb,3.487971804512199
60927,wb,2.796968391921837
60928,wb,3.930193262407556
60929,wb,2.93084785802057
60930,wb,3.7959861154085957
60931,wb,3.060576444666367
60932,wb,3.6677138849627227
60933,wb,1.993168356071692
60937,wb,3.2394447117112577
60938,wb,3.48768053407548
60939,wb,3.2382796269957907
60940,wb,3.4874256706098095
60941,wb,3.238316036062315
60942,wb,3.4885907558491454
60943,wb,3.2371873602387495
60944,wb,3.487207218655385
60945,wb,3.2379883556859568
60946,wb,3.487971804512199
60947,wb,3.237150951346848
60948,wb,3.488263075472787
60949,wb,3.2394447118858807
60950,wb,3.487971804686822
60951,wb,3.238316035887692
60952,wb,3.4871344006969593
60953,wb,3.2388621692662127
60956,wb,1.743985901819542
60958,wb,3.484767823072616
60959,wb,1.7429300448275171
60960,tr,4.593608348630369
60960,wb,3.484476551238913
60961,wb,2.986184462090023
60972,wb,2.7367835555342026
60974,wb,2.2382366044912487
60980,tr,3.1869326920132153
60985,tr,3.791938073874917
60992,tr,3.986934985499829
60993,wb,5.225841013190802
60994,wb,5.228025547054131
60995,wb,5.227552232157905
60998,tr,3.4661058210767806
60999,wb,2.736929191625677
61000,tr,5.79194096167339
61000,wb,4.480041280214209
61001,wb,2.7377301872475073
61002,wb,4.480296142806765
61003,wb,2.739441404992249
61004,wb,2.7402788088074885
61005,wb,4.253604693571106
61006,wb,2.7402788091567345
61007,wb,2.7391865423996933
61008,wb,4.234572533634491
61009,wb,2.739732675778214
61010,wb,7.96775822318159
61011,tr,3.9944420428946614
61011,wb,2.739441404817626
61012,wb,4.234863804245833
61013,wb,2.7386404088465497
61014,wb,4.233989992062561
61015,wb,2.740315218223259
61016,wb,4.234608942875639
61017,wb,4.848098756396212
61020,wb,2.988041315926239
61021,wb,2.739150133682415
61022,tr,3.5947190826991573
61022,wb,4.235191484796815
61023,wb,2.738858862023335
61024,wb,5.480011485458817
61025,wb,2.7399875374976546
61026,wb,4.235446347563993
61027,tr,3.987487945414614
61027,wb,2.739477814058773
61028,wb,4.233735129644629
61029,wb,2.7399875380215235
61030,wb,4.235118667536881
61031,wb,5.975427271972876
61032,wb,2.740023946738802
61033,wb,4.234863805293571
61034,wb,2.7388952716137283
61035,wb,4.234317671740428
61036,wb,2.7394778138841502
61037,wb,4.234863804769702
61038,wb,2.7386404088465497
61039,wb,4.981719395786058
61040,wb,2.989133582508657
61041,wb,2.739150133507792
61042,wb,4.233443858509418
61043,tr,3.9938845316064544
61043,wb,2.7402788089821115
61044,wb,4.232897724781651
61069,wb,2.7402788095059805
61071,wb,2.7392229516408406
61073,wb,2.7380214578588493
61075,wb,2.7388952716137283
61077,wb,2.740315218223259
61079,wb,2.7386040003038943
61083,wb,3.4851683198357932
61084,wb,2.7397690844954923
61086,wb,2.739732675603591
61087,wb,3.736571715620812
61088,wb,2.7383491382352076
61090,wb,1.9925494043854997
61092,wb,2.7405700801173225
61094,wb,2.739732675952837
61096,wb,2.74060648935847
61118,wb,0.9965841779485345
61122,wb,2.491424035979435
61124,wb,2.8891547740786336
61125,wb,2.739441404817626
61127,wb,2.7402788089821115
61129,wb,2.739441404992249
61132,wb,2.739441404817626
61134,wb,2.7408613512525335
61137,wb,2.7402788088074885
61138,wb,2.740023947262671
61141,wb,2.739732675778214
61142,wb,2.73856759123737
61143,wb,2.739732675778214
